player,Season,season_type,Team,adv_PER,adv_TS_pct,adv_3PAr,adv_FTr,adv_ORB_pct,adv_DRB_pct,adv_TRB_pct,adv_AST_pct,adv_STL_pct,adv_BLK_pct,adv_TOV_pct,adv_USG_pct,adv_OWS,adv_DWS,adv_WS,adv_WS/48,adv_OBPM,adv_DBPM,adv_BPM,adv_VORP,pg_FG,pg_FGA,pg_FG_pct,pg_3P,pg_3PA,pg_3P_pct,pg_2P,pg_2PA,pg_2P_pct,pg_eFG_pct,pg_FT,pg_FTA,pg_FT_pct,pg_ORB,pg_DRB,pg_TRB,pg_AST,pg_STL,pg_BLK,pg_TOV,pg_PF,pg_PTS,Weighted_BPM,CareerNetRating,ImpactScore,PeakImpactSeason,AgeCurveIndex,Age,Pos,G,GS,MP,clutch_GP,clutch_W,clutch_L,clutch_MIN,clutch_PTS,clutch_FGM,clutch_FGA,clutch_FG_pct,clutch_3PM,clutch_3PA,clutch_3P_pct,clutch_FTM,clutch_FTA,clutch_FT_pct,clutch_OREB,clutch_DREB,clutch_REB,clutch_AST,clutch_TOV,clutch_STL,clutch_BLK,clutch_PF,clutch_FP,clutch_DD2,clutch_TD3,clutch_plus_minus
Giannis Antetokounmpo,2013-14,Regular Season,MIL,10.8,0.518,0.282,0.483,4.6,16.3,10.2,12.1,1.7,2.6,19.4,15,0.1,1.1,1.2,0.031,-2.4,-0.1,-2.5,-0.2,2.2,5.4,0.414,0.5,1.5,0.347,1.7,3.9,0.44,0.463,1.8,2.6,0.683,1,3.4,4.4,1.9,0.8,0.8,1.6,2.2,6.8,-4742.5,6.849705121572685,0.1911764705882353,FALSE,0.31486880466472306,19,,77,23,1897,19,4,15,3.2,0.6,0.1,0.3,40,0,0.1,0,0.4,0.8,53.3,0.1,0.5,0.5,0.2,0.1,0.2,0,0.1,1.9,0,0,-2.2
Giannis Antetokounmpo,2014-15,Playoffs,MIL,10.9,0.425,0.014,0.324,5.8,17.3,11.1,14.3,0.8,4,11.9,20.6,-0.2,0.2,0,-0.003,-2.6,0.3,-2.3,0,4.3,11.8,0.366,0,0.2,0,4.3,11.7,0.371,0.366,2.8,3.8,0.739,2,5,7,2.7,0.5,1.5,1.8,3,11.5,-462.3,8.350591715976332,0.080882353,FALSE,0.32831325301204817,20,,6,6,201,3,1,2,3.6,0,0,0.7,0,0,0,0,0,0,0,0.7,0.7,1.3,0,0.3,0,0.7,0.7,3.3,1,0,0.3
Giannis Antetokounmpo,2014-15,Regular Season,MIL,14.8,0.552,0.056,0.445,4.5,19.7,12.2,13.1,1.5,2.8,15.6,19.6,2.2,4,6.2,0.117,-1.2,1.2,0,1.2,4.7,9.6,0.491,0.1,0.5,0.159,4.6,9.1,0.511,0.496,3.2,4.3,0.741,1.2,5.5,6.7,2.6,0.9,1,2.1,3.1,12.7,0,6.849705121572685,0.6911764705882353,FALSE,0.4314868804664724,20,,81,71,2541,3,1,2,3.6,0,0,0.7,0,0,0,0,0,0,0,0.7,0.7,1.3,0,0.3,0,0.7,0.7,3.3,1,0,0.3
Giannis Antetokounmpo,2015-16,Regular Season,MIL,18.8,0.566,0.108,0.404,4.6,20,12.4,20,1.7,3.4,14.8,22.3,4.2,2.9,7.1,0.121,1.3,0.7,2.1,2.9,6.4,12.7,0.506,0.4,1.4,0.257,6.1,11.3,0.537,0.52,3.7,5.1,0.724,1.4,6.2,7.7,4.3,1.2,1.4,2.6,3.2,16.9,5928.3,6.849705121572685,0.8308823529411765,FALSE,0.5481049562682216,21,,80,79,2823,38,19,19,3.5,1.4,0.3,0.8,41.9,0,0.1,33.3,0.7,0.9,76.5,0.1,0.8,0.9,0.3,0.2,0,0.3,0.5,3.7,12,3,-0.4
Giannis Antetokounmpo,2016-17,Playoffs,MIL,21.9,0.563,0.089,0.411,4.6,25.1,14.1,20.6,2.8,4,13.1,29.9,0.1,0.6,0.7,0.138,3.8,2.8,6.6,0.5,10,18.7,0.536,0.7,1.7,0.4,9.3,17,0.549,0.554,4.2,7.7,0.543,1.7,7.8,9.5,4,2.2,1.7,3.3,3.5,24.8,1603.8,8.350591715976332,0.6029411764705883,FALSE,0.6596385542168673,22,,6,6,243,3,0,3,3.3,3,1,2,50,0.3,0.7,50,0.7,1,66.7,0,0.3,0.3,0.7,0,0,0,1,4.4,1,0,-0.7
Giannis Antetokounmpo,2016-17,Regular Season,MIL,26.1,0.599,0.143,0.486,5.9,22.6,14.3,26.6,2.3,4.7,13.3,28.3,7.9,4.5,12.4,0.21,4.9,2.4,7.3,6.7,8.2,15.7,0.521,0.6,2.3,0.272,7.6,13.5,0.563,0.541,5.9,7.7,0.77,1.8,7,8.8,5.4,1.6,1.9,2.9,3.1,22.9,20768.5,6.849705121572685,1.6176470588235294,FALSE,0.7609329446064141,22,,80,80,2845,37,20,17,3.5,2.3,0.7,1.7,43.5,0.1,0.2,25,0.8,1.1,68.3,0.2,0.8,1,0.5,0.3,0.1,0.3,0.4,5.2,18,2,-1.1
Giannis Antetokounmpo,2017-18,Playoffs,MIL,26.6,0.62,0.116,0.455,3.7,23.5,14.3,28.2,1.9,1.9,10.5,28.2,1,0.4,1.4,0.239,5.6,1.4,7.1,0.6,9.9,17.3,0.57,0.6,2,0.286,9.3,15.3,0.607,0.587,5.4,7.9,0.691,1.1,8.4,9.6,6.3,1.4,0.9,2.4,4,25.7,1988,8.350591715976332,0.9852941176470589,FALSE,0.8012048192771084,23,,7,7,280,4,2,2,4,5.3,1.8,2,87.5,0,0,0,1.8,2.5,70,0.8,0.3,1,0.8,0.3,0.5,0,1.3,8.8,3,0,-1
Giannis Antetokounmpo,2017-18,Regular Season,MIL,27.3,0.598,0.1,0.457,6.7,25.3,16,23.7,2,3.3,11.7,31.2,8.3,3.6,11.9,0.207,5.3,0.9,6.2,5.7,9.9,18.7,0.529,0.6,1.9,0.307,9.3,16.8,0.554,0.545,6.5,8.5,0.76,2.1,8,10,4.8,1.5,1.4,3,3.1,26.9,17087.2,6.849705121572685,1.6029411764705883,FALSE,0.7959183673469389,23,,75,75,2756,41,23,18,3.7,2.8,1,1.7,58.6,0,0.2,11.1,0.7,1,73.2,0.2,0.9,1.2,0.4,0.2,0.2,0.2,0.5,5.8,27,0,0.7
Giannis Antetokounmpo,2018-19,Playoffs,MIL,26.6,0.572,0.211,0.644,7.3,27.7,17.9,25.1,1.7,5.3,13,32.2,1.2,1.2,2.4,0.226,5,3.4,8.3,1.4,8.6,17.4,0.494,1.2,3.7,0.327,7.4,13.7,0.539,0.529,7.1,11.2,0.637,2.4,9.8,12.2,4.9,1.2,2,3.3,3.2,25.5,4266.200000000001,8.350591715976332,1.2205882352941178,FALSE,0.8012048192771084,24,,15,15,514,5,2,3,4.6,1.8,0.6,1.6,37.5,0.2,0.2,100,0.4,1,40,0.2,1.2,1.4,0.8,0.4,0,0.4,1,5.5,4,0,-1.2
Giannis Antetokounmpo,2018-19,Regular Season,MIL,30.9,0.644,0.163,0.55,7.3,30,19.3,30.3,1.8,3.9,14.8,32.3,8.9,5.5,14.4,0.292,6.3,4.1,10.4,7.4,10,17.3,0.578,0.7,2.8,0.256,9.3,14.5,0.641,0.599,6.9,9.5,0.729,2.2,10.3,12.5,5.9,1.3,1.5,3.7,3.2,27.7,24523.2,6.849705121572685,2.4044117647058822,FALSE,0.9008746355685131,24,,72,72,2358,33,22,11,3.3,2.8,0.9,1.5,62.5,0,0.2,20,0.9,1.5,64.6,0.2,0.8,1,0.5,0.4,0.2,0.1,0.3,5.2,27,1,0.7
Giannis Antetokounmpo,2019-20,Playoffs,MIL,31.3,0.61,0.248,0.503,10.3,38.2,24,36.7,1,3.1,13.2,35.2,0.9,0.5,1.4,0.238,7.8,3.4,11.2,0.9,10,17.9,0.559,1.4,4.4,0.325,8.6,13.4,0.636,0.599,5.2,9,0.58,3,10.8,13.8,5.7,0.7,0.9,3.3,3.4,26.7,3102.3999999999996,8.350591715976332,1.8308823529411766,FALSE,0.9427710843373494,25,,9,9,277,3,0,3,2.1,1,0.3,0.7,50,0,0,0,0.3,0.3,100,0.7,0.3,1,0,0,0,0,0.3,2.2,3,0,-4.3
Giannis Antetokounmpo,2019-20,Regular Season,MIL,31.9,0.613,0.237,0.508,7.7,34.8,22.1,34.2,1.5,3,13.2,37.5,6.1,5,11.1,0.279,7.4,4.1,11.5,6.6,10.9,19.7,0.553,1.4,4.7,0.304,9.5,15,0.631,0.589,6.3,10,0.633,2.2,11.4,13.6,5.6,1,1,3.7,3.1,29.5,22045.5,6.849705121572685,2.4926470588235294,FALSE,0.9300291545189505,25,,63,63,1917,21,16,5,2.6,3.3,1.3,2.4,54,0.1,0.4,25,0.6,1,65,0.5,1,1.5,0.1,0.5,0.2,0.1,0.8,5.7,21,0,2.6
Giannis Antetokounmpo,2020-21,Playoffs,MIL,27.6,0.599,0.159,0.469,7.8,28.7,18,24.3,1.3,2.9,10.8,31.8,2,1.7,3.7,0.224,6.7,3.2,9.9,2.4,11.9,20.9,0.569,0.6,3.3,0.186,11.3,17.6,0.642,0.584,5.8,9.8,0.587,2.8,10,12.8,5.1,1,1.2,3,2.9,30.2,7920,8.350591715976332,1.6838235294117647,FALSE,0.8313253012048193,26,,21,21,800,9,7,2,4.9,3.7,1.4,2.4,59.1,0,0.2,0,0.8,2.1,36.8,0.7,1.1,1.8,0.2,0.2,0.1,0.2,0.7,6.9,8,0,3.4
Giannis Antetokounmpo,2020-21,Regular Season,MIL,29.2,0.633,0.201,0.528,5.3,28.9,17.5,28.7,1.7,3.2,13.2,32.5,6.9,3.3,10.2,0.244,6.2,2.8,9,5.6,10.3,18,0.569,1.1,3.6,0.303,9.2,14.4,0.636,0.6,6.5,9.5,0.685,1.6,9.4,11,5.9,1.2,1.2,3.4,2.8,28.1,18117,6.849705121572685,1.977941176470588,FALSE,0.8513119533527698,26,,61,61,2013,22,12,10,3.3,2.5,1,1.7,56.8,0.1,0.2,40,0.5,0.7,68.8,0.2,1,1.1,0.4,0.2,0,0.1,0.4,4.8,17,2,1.3
Giannis Antetokounmpo,2021-22,Playoffs,MIL,26.8,0.552,0.144,0.47,6.2,31.8,19.4,36.9,0.9,3.4,13.6,38.5,0.6,1.1,1.7,0.178,6.5,4,10.4,1.4,11.7,23.8,0.491,0.8,3.4,0.22,10.9,20.3,0.537,0.507,7.6,11.2,0.679,2.2,12,14.2,6.8,0.7,1.3,4.5,3.6,31.7,4659.2,8.350591715976332,1.4191176470588234,FALSE,0.8072289156626505,27,,12,12,448,5,3,2,2.7,1,0.4,0.8,50,0,0,0,0.2,0.4,50,0.2,0.2,0.4,0,0.8,0.2,0.2,0.4,1.9,5,0,-0.8
Giannis Antetokounmpo,2021-22,Regular Season,MIL,32.1,0.633,0.194,0.615,6.6,30.4,18.7,31.7,1.6,4,12.2,34.9,9.2,3.7,12.9,0.281,7.6,3.5,11.2,7.4,10.3,18.6,0.553,1.1,3.6,0.293,9.2,15,0.616,0.582,8.3,11.4,0.722,2,9.6,11.6,5.8,1.1,1.4,3.3,3.2,29.9,24684.8,6.849705121572685,2.5808823529411766,TRUE,0.9358600583090381,27,,67,67,2204,33,21,12,2.9,2.4,0.8,1.5,51,0.1,0.2,28.6,0.8,1.2,73.7,0.2,0.8,1,0.4,0.3,0.1,0.2,0.4,4.7,28,1,1.1
Giannis Antetokounmpo,2022-23,Playoffs,MIL,18.8,0.525,0.057,0.585,9.5,32.4,20.4,29.8,0.5,1.9,17.4,37.3,-0.1,0.1,0,-0.026,1.3,0.6,2,0.1,9.3,17.7,0.528,0,1,0,9.3,16.7,0.56,0.528,4.7,10.3,0.452,2.7,8.3,11,5.3,0.3,0.7,4.7,3,23.3,182,8.350591715976332,0.25,FALSE,0.5662650602409638,28,,3,3,91,2,0,2,6.2,5,2,4.5,44.4,0,0,0,1,3,33.3,0.5,3,3.5,1,1.5,0,0,0.5,9.2,2,1,-9
Giannis Antetokounmpo,2022-23,Regular Season,MIL,29,0.605,0.134,0.604,7.3,30,19.1,33.2,1.2,2.1,13.2,38.8,4.9,3.7,8.6,0.204,5.8,2.7,8.5,5.4,11.2,20.3,0.553,0.7,2.7,0.275,10.5,17.6,0.596,0.572,7.9,12.3,0.645,2.2,9.6,11.8,5.7,0.8,0.8,3.9,3.1,31.1,17204,6.849705121572685,1.8088235294117645,FALSE,0.8454810495626823,28,,63,63,2024,28,21,7,3.2,2.5,0.8,2,37.5,0,0.2,16.7,0.9,1.3,72.2,0.3,1,1.3,0.7,0.4,0,0,0.5,4.6,26,3,0.6
Giannis Antetokounmpo,2023-24,Regular Season,MIL,29.9,0.649,0.091,0.571,8.6,27,17.9,32.7,1.6,2.6,12.7,33,9.5,3.7,13.2,0.246,6.7,2.4,9,7.2,11.5,18.8,0.611,0.5,1.7,0.274,11,17.1,0.645,0.624,7,10.7,0.657,2.7,8.8,11.5,6.5,1.2,1.1,3.4,2.9,30.4,23103,6.849705121572685,2.1911764705882355,FALSE,0.8717201166180758,29,,73,73,2567,36,21,15,3.6,2.9,0.9,1.6,53.4,0.1,0.2,50,1.1,1.5,73.6,0.4,0.7,1.2,0.6,0.3,0.1,0.2,0.4,5.8,30,7,1.5
Giannis Antetokounmpo,2024-25,Playoffs,MIL,33.2,0.651,0.051,0.636,11,38,23.6,35.6,1.3,2.6,15.4,35.3,0.8,0.1,0.9,0.232,8.2,3.2,11.4,0.6,12,19.8,0.606,0.2,1,0.2,11.8,18.8,0.628,0.611,8.8,12.6,0.698,3.8,11.6,15.4,6.6,1,1,4.6,2.4,33,2143.2000000000003,8.350591715976332,1.9264705882352942,TRUE,1,30,,5,5,188,2,0,2,6.1,2.5,1,3,33.3,0,0.5,0,0.5,1.5,33.3,0.5,3,3.5,1.5,0.5,0,0.5,0.5,10,2,1,-2
Giannis Antetokounmpo,2024-25,Regular Season,MIL,30.5,0.625,0.048,0.536,7.3,29.7,19,36,1.2,3.2,11.2,35.2,7.8,3.7,11.5,0.241,6.9,2.5,9.5,6.6,11.8,19.7,0.601,0.2,0.9,0.222,11.6,18.7,0.62,0.607,6.5,10.6,0.617,2.2,9.7,11.9,6.5,0.9,1.2,3.1,2.3,30.4,21745.5,6.849705121572685,2.2205882352941173,FALSE,0.8892128279883382,30,,67,67,2289,29,17,12,4,2.9,1,2.1,46.7,0.1,0.1,50,0.9,1.3,67.6,0.5,1.3,1.8,0.8,0.2,0,0.2,0.4,6.9,27,6,2.2
Giannis Antetokounmpo,2025-26,Regular Season,MIL,34.3,0.68,0.081,0.574,11.5,26.1,18.9,40.2,1.5,2.7,13.5,37.3,3.3,1,4.3,0.268,8.4,2.2,10.7,2.4,11.1,17.1,0.649,0.5,1.4,0.389,10.5,15.7,0.672,0.664,6.4,9.8,0.651,2.9,6.8,9.7,5.7,0.9,0.8,3.3,2.7,29.1,8142.7,6.849705121572685,2.198529411764706,FALSE,1,31,,26,26,761,16,9,7,3.9,2.9,0.9,2.2,42.9,0,0.2,0,1.1,1.5,70.8,0.6,0.9,1.5,0.6,0.6,0.3,0.1,0.4,6.2,9,0,0.4
Luka Doncic,2018-19,Regular Season,DAL,19.6,0.545,0.433,0.409,4,21.9,13,31.6,1.6,0.9,15,30.5,2.1,2.8,4.9,0.101,3.6,0.3,3.9,3.4,7,16.5,0.427,2.3,7.1,0.327,4.7,9.3,0.503,0.497,4.8,6.7,0.713,1.2,6.6,7.8,6,1.1,0.3,3.4,1.9,21.2,9040.199999999999,7.604186212220177,0.8161764705882353,FALSE,0.6829268292682927,19,,72,72,2318,38,16,22,3.6,3.2,1.1,2.4,44.6,0.3,1.1,30,0.7,1,66.7,0.3,0.6,0.9,0.6,0.3,0.1,0.1,0.4,5.2,15,6,-0.4
Luka Doncic,2019-20,Playoffs,DAL,26.9,0.596,0.344,0.5,2,28.3,15,42.7,1.5,1.2,16.6,37.5,0.4,0,0.5,0.101,6.9,1,7.9,0.5,10.7,21.3,0.5,2.7,7.3,0.364,8,14,0.571,0.563,7,10.7,0.656,0.7,9.2,9.8,8.7,1.2,0.5,5.2,2.8,31,1698.5,8.390677179962896,1,FALSE,0.9405594405594405,20,,6,6,215,2,1,1,6.4,6.5,2.5,4.5,55.6,1.5,2.5,60,0,0,0,0,2,2,1,1,0,0,0.5,9.4,1,1,-4
Luka Doncic,2019-20,Regular Season,DAL,27.6,0.585,0.431,0.448,4.1,25,14.7,45.7,1.5,0.6,14.8,36.8,6.5,2.3,8.8,0.207,7.4,1,8.4,5.4,9.5,20.6,0.463,2.8,8.9,0.316,6.7,11.7,0.574,0.531,7,9.2,0.758,1.3,8.1,9.4,8.8,1,0.2,4.3,2.5,28.8,17194.8,7.604186212220177,1.7573529411764706,FALSE,0.9616724738675959,20,,61,61,2047,31,14,17,4.1,2.8,1,2.7,36.1,0.2,1.3,17.1,0.6,1,64.5,0.2,1.1,1.2,0.9,0.5,0.1,0,0.5,5.4,21,12,0.1
Luka Doncic,2020-21,Playoffs,DAL,27.5,0.572,0.388,0.26,1.6,22.3,11.4,54.1,1.7,1.2,12.8,40.4,0.6,0.1,0.7,0.127,10,1.8,11.8,1,13.7,28,0.49,4.4,10.9,0.408,9.3,17.1,0.542,0.569,3.9,7.3,0.529,0.6,7.3,7.9,10.3,1.3,0.4,4.6,2.4,35.7,3315.8,8.390677179962896,1.5514705882352942,TRUE,0.9615384615384615,21,,7,7,281,4,3,1,3,1.3,0.5,2.5,20,0.3,0.8,33.3,0,0,0,0,0.3,0.3,0.5,0.3,0.3,0,0,2.8,3,1,4.3
Luka Doncic,2020-21,Regular Season,DAL,25.3,0.587,0.406,0.349,2.7,22.9,12.8,44.1,1.4,1.5,15.3,36,5.1,2.6,7.7,0.163,6.1,0.7,6.8,5.1,9.8,20.5,0.479,2.9,8.3,0.35,6.9,12.2,0.567,0.55,5.2,7.1,0.73,0.8,7.2,8,8.6,1,0.5,4.3,2.3,27.7,15381.6,7.604186212220177,1.286764705882353,FALSE,0.8815331010452963,21,,66,66,2262,29,17,12,3.1,2.8,1,2.2,47.6,0.2,0.8,26.1,0.5,0.6,83.3,0,0.9,0.9,0.7,0.2,0.1,0,0.2,5.1,15,7,0.2
Luka Doncic,2021-22,Playoffs,DAL,28.6,0.577,0.42,0.384,2.1,29.7,15.7,37.3,2.5,1.5,12.5,40.4,1.1,0.8,1.9,0.164,6.8,2.5,9.3,1.6,10.7,23.5,0.455,3.4,9.9,0.345,7.3,13.6,0.534,0.527,6.9,9,0.77,0.7,9.1,9.8,6.4,1.8,0.6,3.9,2.9,31.7,5133.6,8.390677179962896,1.5220588235294117,FALSE,1,22,,15,15,552,4,1,3,2.7,2.5,1,2.3,44.4,0.5,1,50,0,0,0,0,0.8,0.8,0.8,0,0.3,0,0.5,5.3,3,0,-2
Luka Doncic,2021-22,Regular Season,DAL,25.1,0.571,0.406,0.349,2.7,26,14.3,46,1.6,1.4,15.3,37.4,3.8,3.8,7.6,0.159,6.4,1.8,8.2,5.9,9.9,21.6,0.457,3.1,8.8,0.353,6.8,12.8,0.528,0.529,5.6,7.5,0.744,0.9,8.3,9.1,8.7,1.2,0.6,4.5,2.2,28.4,18868.199999999997,7.604186212220177,1.4117647058823528,FALSE,0.8745644599303136,22,,65,65,2301,29,21,8,3.2,2.7,1,2.1,48.4,0.2,0.9,23.1,0.4,0.5,85.7,0,0.6,0.6,0.5,0.2,0.1,0,0.2,4.3,19,4,0.9
Luka Doncic,2022-23,Regular Season,DAL,28.7,0.609,0.373,0.479,2.6,25.4,13.8,42.3,1.9,1.2,11.9,37.6,7.3,2.9,10.2,0.204,7.6,1.4,8.9,6.6,10.9,22,0.496,2.8,8.2,0.342,8.1,13.8,0.588,0.56,7.8,10.5,0.742,0.8,7.8,8.6,8,1.4,0.5,3.6,2.5,32.4,21279.9,7.604186212220177,1.9044117647058822,FALSE,1,23,,66,66,2391,41,20,21,4.4,3.2,1.1,2.4,44,0.2,0.9,19.4,0.9,1.2,75,0.1,1.2,1.3,0.8,0.3,0.2,0.1,0.4,6.4,26,7,0.7
Luka Doncic,2023-24,Playoffs,DAL,22.5,0.556,0.419,0.304,2.1,24.2,13.2,35.3,2.4,0.9,13.6,33.4,1.3,1.5,2.8,0.149,5.1,2.4,7.6,2.2,10.2,22.9,0.446,3.1,9.6,0.322,7.1,13.3,0.536,0.514,5.3,7,0.765,0.7,8.7,9.5,8.1,1.9,0.4,4.1,2.5,28.9,6840,8.390677179962896,0.9852941176470589,FALSE,0.7867132867132867,24,,22,22,900,11,6,5,3.7,1.9,0.5,1.5,35.3,0.2,0.7,25,0.6,1,63.6,0.2,0.6,0.8,0.9,0.3,0.4,0,0.3,5.1,7,6,1
Luka Doncic,2023-24,Regular Season,DAL,28.1,0.617,0.45,0.368,2.5,24.4,13.5,44.3,1.8,1.3,12.8,36,8.5,3.5,12,0.22,8.3,1.7,9.9,8,11.5,23.6,0.487,4.1,10.6,0.382,7.4,13,0.573,0.573,6.8,8.7,0.786,0.8,8.4,9.2,9.8,1.4,0.5,4,2.1,33.9,25977.600000000002,7.604186212220177,2.139705882352941,TRUE,0.9790940766550523,24,,70,70,2624,28,20,8,3.4,2.5,0.8,1.6,45.7,0.3,0.8,40.9,0.7,0.9,76,0,0.7,0.7,0.9,0.2,0.1,0,0.2,5,23,9,2.3
Luka Doncic,2024-25,Playoffs,LAL,21.5,0.608,0.442,0.442,1.1,18,9.8,28.2,1.3,1.4,13.9,32.4,0.5,0.1,0.6,0.136,4.8,0.5,5.3,0.4,9.4,20.8,0.452,3.2,9.2,0.348,6.2,11.6,0.534,0.529,8.2,9.2,0.891,0.4,6.6,7,5.8,1,0.6,4,3.2,30.2,1102.3999999999999,8.390677179962896,0.4852941176470588,FALSE,0.7517482517482517,25,,5,5,208,3,0,3,3.5,0.7,0.3,1.7,20,0,0.7,0,0,0,0,0,0.3,0.3,0.7,0,0,0,0.3,2.1,0,0,-6.7
Luka Doncic,2024-25,Regular Season,2TM,24.1,0.587,0.469,0.385,2.6,22.6,12.8,36.1,2.5,1.1,13,33.9,3.5,2.4,5.9,0.16,5.5,1.2,6.7,3.9,9.2,20.5,0.45,3.5,9.6,0.368,5.7,10.9,0.522,0.536,6.2,7.9,0.782,0.8,7.4,8.2,7.7,1.8,0.4,3.6,2.5,28.2,11852.300000000001,7.604186212220177,1.073529411764706,FALSE,0.8397212543554008,25,,50,50,1769,24,13,11,3.3,1.9,0.7,1.8,39.5,0.3,0.9,31.8,0.2,0.3,57.1,0.1,0.5,0.6,0.6,0.2,0.1,0,0.3,3.5,11,4,1
Luka Doncic,2025-26,Regular Season,LAL,27,0.606,0.454,0.527,3.1,21.7,12.7,41.8,2.2,1.4,14.2,38.2,3.1,1.2,4.3,0.184,6.9,0.6,7.5,2.7,10.4,22.4,0.464,3.3,10.2,0.327,7.1,12.2,0.578,0.538,9.3,11.8,0.79,0.9,6.9,7.9,8.8,1.6,0.5,4.6,2.7,33.4,8467.5,7.604186212220177,1.3897058823529411,FALSE,0.9407665505226481,26,,31,31,1129,10,9,1,2.5,1.8,0.4,1.2,33.3,0.3,0.8,37.5,0.7,0.8,87.5,0,0.5,0.5,0.6,0.1,0.1,0,0.1,3.5,6,2,2.6
Nikola Jokic,2015-16,Regular Season,DEN,21.5,0.582,0.14,0.317,11.4,24.7,17.9,18.1,2.3,2.3,13.2,19.9,4.5,2.2,6.7,0.185,2.6,1.3,3.9,2.6,3.8,7.5,0.512,0.4,1.1,0.333,3.5,6.5,0.541,0.535,1.9,2.4,0.811,2.3,4.7,7,2.4,1,0.6,1.3,2.6,10,6758.7,10.557960008079176,0.9264705882352942,FALSE,0.5988857938718664,20,,80,55,1733,25,12,13,2.6,0.9,0.3,0.6,43.8,0,0,100,0.3,0.4,72.7,0.1,0.7,0.8,0.2,0.1,0.1,0,0.4,2.4,8,0,-0.4
Nikola Jokic,2016-17,Regular Season,DEN,26.3,0.64,0.163,0.267,11.6,27.2,19.5,28.8,1.5,2.1,15.2,23.5,7.7,2,9.7,0.228,5.9,1.4,7.3,4.8,6.8,11.7,0.578,0.6,1.9,0.324,6.2,9.8,0.628,0.605,2.6,3.1,0.825,2.9,6.9,9.8,4.9,0.8,0.8,2.3,2.9,16.7,14877.4,10.557960008079176,1.4779411764705883,FALSE,0.7325905292479109,21,,73,59,2038,34,13,21,2.7,1.7,0.6,1.3,47.7,0.1,0.4,30.8,0.4,0.5,72.2,0.3,0.8,1.1,0.3,0.1,0,0.1,0.3,3.6,21,2,0.9
Nikola Jokic,2017-18,Regular Season,DEN,24.4,0.603,0.277,0.31,9,27.9,18.5,29.6,1.8,2.1,15.5,24.2,7.8,2.9,10.7,0.211,5.3,1.6,6.9,5.5,6.7,13.5,0.499,1.5,3.7,0.396,5.2,9.7,0.538,0.554,3.5,4.2,0.85,2.6,8.1,10.7,6.1,1.2,0.8,2.8,2.8,18.5,16856.7,10.557960008079176,1.3529411764705883,FALSE,0.6796657381615598,22,,75,73,2443,39,20,19,3.7,1.6,0.5,1.3,37.3,0.1,0.4,28.6,0.6,0.6,88,0.3,0.8,1.1,0.5,0.4,0.1,0,0.6,3.6,23,5,0.3
Nikola Jokic,2018-19,Playoffs,DEN,29.5,0.596,0.215,0.299,10,24.5,17.2,37.1,1.5,1.8,10.9,26.6,2.6,0.5,3.1,0.268,8.3,3.3,11.6,1.9,9.4,18.6,0.506,1.6,4,0.393,7.9,14.6,0.537,0.548,4.7,5.6,0.846,3.9,9.1,13,8.4,1.1,0.9,2.6,3.9,25.1,6461.2,10.781560677589558,1.8970588235294117,FALSE,0.891238671,23,,14,14,557,7,3,4,6.2,1.1,0.4,2.3,18.8,0,0.9,0,0.3,0.6,50,0.3,1.4,1.7,2,0.7,0,0.1,0.7,5.9,7,4,0.6
Nikola Jokic,2018-19,Regular Season,DEN,26.3,0.589,0.224,0.292,9.8,27.6,18.7,37,2.1,1.9,15.4,27.4,7.5,4.3,11.8,0.226,6.2,2.9,9.1,7,7.7,15.1,0.511,1,3.4,0.307,6.7,11.7,0.569,0.545,3.6,4.4,0.821,2.9,8,10.8,7.3,1.4,0.7,3.1,2.9,20.1,22786.399999999998,10.557960008079176,1.8602941176470589,FALSE,0.7325905292479109,23,,80,80,2504,44,31,13,3.2,2.2,0.8,1.6,48.6,0.1,0.3,40,0.4,0.5,82.6,0.3,0.6,0.9,0.7,0.5,0.1,0.1,0.4,4.4,32,8,2
Nikola Jokic,2019-20,Playoffs,DEN,24.8,0.614,0.286,0.23,6.4,25.5,16,28.6,1.5,2.1,14.1,28.9,1.9,0.6,2.5,0.172,6.1,1.3,7.4,1.7,9.4,18.1,0.519,2.2,5.2,0.429,7.2,12.9,0.555,0.58,3.5,4.2,0.835,1.9,7.9,9.8,5.7,1.1,0.8,3.3,3.6,24.4,5135.6,10.781560677589558,1.0073529411764706,FALSE,0.7492447129909365,24,,19,19,694,11,6,5,3.3,2.7,0.9,1.5,62.5,0.4,0.5,66.7,0.5,0.6,85.7,0.3,0.5,0.7,0.2,0.1,0.1,0,0.3,4.1,6,0,1.6
Nikola Jokic,2019-20,Regular Season,DEN,24.9,0.605,0.238,0.281,8,26.1,17.1,35.2,1.8,1.7,15.8,26.6,6.7,3.1,9.8,0.202,5.5,2,7.4,5.5,7.7,14.7,0.528,1.1,3.5,0.314,6.6,11.2,0.594,0.565,3.4,4.1,0.817,2.3,7.5,9.7,7,1.2,0.6,3.1,3,19.9,17286.4,10.557960008079176,1.4338235294117647,FALSE,0.6935933147632312,24,,73,73,2336,43,29,14,3.8,3.4,1.2,2.4,51,0.1,0.5,28.6,0.9,1.1,82.6,0.4,0.8,1.2,0.6,0.2,0.1,0,0.4,5.9,29,9,2.2
Nikola Jokic,2020-21,Playoffs,DEN,29.6,0.591,0.232,0.241,11.3,28,19,27.7,0.9,2.5,8.7,34.8,1.2,0.1,1.3,0.181,8.8,0.2,9,0.9,11.6,22.8,0.509,2,5.3,0.377,9.6,17.5,0.549,0.553,4.6,5.5,0.836,3.7,7.9,11.6,5,0.6,0.9,2.4,2.3,29.8,3105,10.781560677589558,1.4705882352941178,FALSE,0.8942598187311178,25,,10,10,345,3,3,0,5,4.3,1.7,4,41.7,0.3,1,33.3,0.7,0.7,100,1,1,2,2,0,0,0,0.3,9.7,2,0,5
Nikola Jokic,2020-21,Regular Season,DEN,31.3,0.647,0.183,0.305,9.4,26.1,17.8,40.4,1.9,1.9,13.1,29.6,12.2,3.4,15.6,0.301,9.1,3,12.1,8.8,10.2,18,0.566,1.3,3.3,0.388,8.9,14.7,0.606,0.602,4.8,5.5,0.868,2.8,8,10.8,8.3,1.3,0.7,3.1,2.7,26.4,30104.8,10.557960008079176,2.698529411764706,FALSE,0.871866295,25,,72,72,2488,31,18,13,4.7,4.2,1.5,3.1,49.5,0.2,0.6,26.3,1,1.2,88.9,0.5,1.1,1.5,0.7,0.5,0.3,0.1,0.6,7.8,23,4,1
Nikola Jokic,2021-22,Playoffs,DEN,33.1,0.643,0.17,0.311,11.9,36.6,23.9,36.5,2.3,3.1,16.6,36.8,0.6,0.1,0.7,0.202,8.1,2.5,10.7,0.6,12.2,21.2,0.575,1,3.6,0.278,11.2,17.6,0.636,0.599,5.6,6.6,0.848,3.4,9.8,13.2,5.8,1.6,1,4.8,4,31,1829.6999999999998,10.781560677589558,1.8235294117647058,FALSE,1,26,,5,5,171,3,1,2,4.7,6,2.3,3,77.8,0,0.3,0,1.3,1.3,100,0.3,0.3,0.7,0.3,0.3,0,0,0,7,2,0,-2.3
Nikola Jokic,2021-22,Regular Season,DEN,32.8,0.661,0.22,0.357,9.6,35.5,23,42.6,2.2,2.3,15.6,31.9,10.8,4.5,15.2,0.296,9.2,4.5,13.7,9.8,10.3,17.7,0.583,1.3,3.9,0.337,9,13.8,0.652,0.62,5.1,6.3,0.81,2.8,11,13.8,7.9,1.5,0.9,3.8,2.6,27.1,33921.2,10.557960008079176,2.8676470588235294,TRUE,0.9136490250696379,26,,74,74,2476,36,22,14,3.9,4,1.3,2.6,49.5,0.1,0.3,18.2,1.4,1.8,79.7,0.6,0.9,1.5,0.6,0.5,0.2,0.2,0.5,7.3,34,9,0.8
Nikola Jokic,2022-23,Playoffs,DEN,31.2,0.631,0.184,0.336,10.6,28.4,19.8,41,1.4,2.2,12.8,31.1,3.7,1.3,5,0.305,9.1,3.7,12.8,3,11.4,20.7,0.548,1.8,3.8,0.461,9.6,16.9,0.568,0.591,5.6,7,0.799,3.5,10,13.5,9.5,1.1,1,3.5,3.5,30,10099.2,10.781560677589558,2.2573529411764706,TRUE,0.9425981873111782,27,,20,20,789,12,8,4,3,2.8,0.9,2.3,39.3,0.1,0.5,16.7,0.8,1.1,76.9,0.3,0.6,0.9,0.8,0.3,0.2,0,0.3,5.2,11,6,1.3
Nikola Jokic,2022-23,Regular Season,DEN,31.5,0.701,0.146,0.406,8.5,31.3,20.2,46.6,1.8,1.8,17,27.2,11.2,3.8,14.9,0.308,8.5,4.5,13,8.8,9.4,14.8,0.632,0.8,2.2,0.383,8.5,12.7,0.675,0.66,4.9,6,0.822,2.4,9.4,11.8,9.8,1.3,0.7,3.6,2.5,24.5,30199,10.557960008079176,2.735294117647059,FALSE,0.8774373259052926,27,,69,69,2323,29,20,9,4,3.4,1,1.9,50.9,0.1,0.4,36.4,1.4,1.7,80,0.3,0.9,1.2,0.9,0.3,0.1,0.1,0.4,6.6,24,15,2.7
Nikola Jokic,2023-24,Playoffs,DEN,30,0.625,0.217,0.291,9.9,28.7,19,40.3,1.8,1.5,12.7,30,1.9,0.7,2.6,0.259,9,3.8,12.8,1.8,11.1,20.3,0.545,1.2,4.4,0.264,9.9,15.9,0.623,0.574,5.3,5.9,0.901,3.6,9.8,13.4,8.7,1.4,0.7,3.3,2.7,28.7,6169.6,10.781560677589558,1.9779411764705883,FALSE,0.9063444108761329,28,,12,12,482,5,3,2,2.5,1.6,0.6,1.2,50,0,0,0,0.4,0.4,100,0.2,0.6,0.8,0.6,0.2,0,0,0.2,3.3,4,1,-1.6
Nikola Jokic,2023-24,Regular Season,DEN,31,0.65,0.164,0.31,9.3,29.6,19.8,42,2,2.1,12.9,29.3,12,5.1,17,0.299,9,4.2,13.2,10.6,10.4,17.9,0.583,1.1,2.9,0.359,9.4,14.9,0.626,0.612,4.5,5.5,0.817,2.8,9.5,12.4,9,1.4,0.9,3,2.5,26.4,36128.4,10.557960008079176,2.764705882352941,FALSE,0.8635097493036212,28,,79,79,2737,36,23,13,3.4,3.6,1.2,2.1,55.3,0.3,0.6,39.1,1,1.2,81.8,0.2,1.1,1.2,0.6,0.4,0.1,0,0.4,5.9,33,11,2.4
Nikola Jokic,2024-25,Playoffs,DEN,24.7,0.587,0.265,0.377,5.7,28.6,17.3,35.6,2.5,1.9,15,28.2,1.3,0.8,2.1,0.181,6.9,3.8,10.7,1.8,9.4,19.1,0.489,1.9,5.1,0.38,7.4,14.1,0.528,0.539,5.6,7.2,0.772,2.1,10.6,12.7,8,2,0.9,3.9,3.4,26.2,6024.099999999999,10.781560677589558,1.3235294117647058,FALSE,0.7462235649546827,29,,14,14,563,8,4,4,4.4,3.3,0.9,2.4,36.8,0.3,1,25,1.3,2,62.5,0.3,0.6,0.9,0.6,0.4,0.4,0,0.3,6,7,1,-0.1
Nikola Jokic,2024-25,Regular Season,DEN,32,0.663,0.243,0.331,9,28.2,19.1,44.1,2.4,1.6,12.8,29.5,12.7,3.8,16.4,0.307,9.9,3.3,13.3,9.8,11.2,19.5,0.576,2,4.7,0.417,9.3,14.8,0.627,0.627,5.2,6.4,0.8,2.9,9.9,12.7,10.2,1.8,0.6,3.3,2.3,29.6,34194.3,10.557960008079176,2.8529411764705883,FALSE,0.8913649025069639,29,,70,70,2571,33,19,14,4.2,4.2,1.5,2.7,56.2,0.2,0.4,42.9,1,1.4,72.3,0.5,1,1.5,1.1,0.5,0.1,0,0.5,7.7,29,18,1.8
Nikola Jokic,2025-26,Regular Season,DEN,35.9,0.713,0.275,0.425,10.5,28.6,20,53.1,1.9,2.1,14.5,30.6,7.2,1.5,8.7,0.378,12.3,4.2,16.5,5.1,10.6,17.5,0.605,2.1,4.8,0.435,8.5,12.7,0.67,0.665,6.3,7.4,0.853,3,9.1,12.2,11,1.4,0.8,3.5,2.8,29.6,18249,10.557960008079176,2.6470588235294117,FALSE,1,30,,32,32,1106,13,5,8,4.6,6.2,1.5,2.8,55.6,0.4,0.9,41.7,2.7,3.2,83.3,0.3,1.2,1.5,0.6,0.2,0.2,0.1,0.4,9.3,12,7,-1.8
Shai Gilgeous-Alexander,2018-19,Playoffs,LAC,16.6,0.596,0.3,0.333,2.4,8.2,5.2,16.4,1.6,2.4,6.8,17.8,0.4,-0.1,0.3,0.085,2.1,0.8,2.9,0.2,4.7,10,0.467,1.5,3,0.5,3.2,7,0.452,0.542,2.8,3.3,0.85,0.7,2,2.7,3.2,1,0.8,0.8,2.8,13.7,501.7,6.896592244418331,0.2647058823529412,FALSE,0.6509803921568628,20,,6,6,173,2,2,0,2.4,0,0,0,0,0,0,0,0,0,0,0,0,0,1,0,0.5,0,0,3,0,0,3
Shai Gilgeous-Alexander,2018-19,Regular Season,LAC,13.4,0.554,0.194,0.272,2.9,8.3,5.7,17.8,2.1,1.6,15,18.3,1.5,1.9,3.3,0.074,-0.9,0.4,-0.5,0.8,4.2,8.7,0.476,0.6,1.7,0.367,3.5,7,0.503,0.512,1.9,2.4,0.8,0.7,2.1,2.8,3.3,1.2,0.5,1.7,2.1,10.8,-1087,6.0611368979444205,0.4705882352941177,FALSE,0.4240506329113924,20,,82,73,2174,28,19,9,2.5,0.9,0.3,0.6,50,0.1,0.3,28.6,0.1,0.2,80,0.1,0.2,0.3,0.2,0.1,0,0,0.2,1.6,1,0,0
Shai Gilgeous-Alexander,2019-20,Playoffs,OKC,13.1,0.569,0.389,0.256,1.2,12.3,6.9,16.9,1.2,1.3,13,17.8,0.3,0.3,0.6,0.1,0.6,1.2,1.8,0.3,5.6,12.9,0.433,2,5,0.4,3.6,7.9,0.455,0.511,3.1,3.3,0.957,0.4,4.9,5.3,4.1,1,0.4,2.1,2.4,16.3,502.2,6.896592244418331,0.21323529411764708,FALSE,0.5137254901960784,21,,7,7,279,4,3,1,5.5,2,0.8,2,37.5,0.5,1.5,33.3,0,0,0,0,0.3,0.3,0.5,0.5,0,0,0,2.6,1,0,3
Shai Gilgeous-Alexander,2019-20,Regular Season,OKC,17.7,0.568,0.247,0.352,2.2,16.1,9.4,15.2,1.6,1.7,10.3,23.7,3.1,3,6.1,0.121,1.3,0.4,1.7,2.2,6.8,14.5,0.471,1.2,3.6,0.347,5.6,10.9,0.512,0.514,4.1,5.1,0.807,0.7,5.2,5.9,3.3,1.1,0.7,1.9,1.7,19,4127.599999999999,6.0611368979444205,0.7205882352941175,FALSE,0.560126582,21,,70,70,2428,41,27,14,4.1,2.3,0.7,1.2,58.3,0,0.1,33.3,0.9,1.1,77.8,0,0.7,0.7,0.2,0.3,0.2,0,0.2,4.1,5,0,2.5
Shai Gilgeous-Alexander,2020-21,Regular Season,OKC,21.6,0.623,0.301,0.405,1.7,13.1,7.3,31.2,1.1,1.7,13.7,27.8,2.7,0.8,3.5,0.143,3.9,0.2,4.1,1.8,8.2,16.1,0.508,2,4.9,0.418,6.2,11.3,0.547,0.571,5.3,6.5,0.808,0.5,4.2,4.7,5.9,0.8,0.7,3,2,23.7,4838,6.0611368979444205,0.7794117647058822,FALSE,0.6835443037974683,22,,35,35,1180,15,11,4,3.4,4.7,1.3,2.5,51.4,0.3,0.8,41.7,1.9,2.3,80,0.1,0.5,0.6,0.6,0.3,0.1,0.1,0.2,6.6,2,0,1.9
Shai Gilgeous-Alexander,2021-22,Regular Season,OKC,20.9,0.557,0.282,0.385,1.9,13,7.4,31.1,1.8,2.2,11.1,30.8,2.8,1.8,4.6,0.113,2.9,0.5,3.4,2.7,8.5,18.8,0.453,1.6,5.3,0.3,6.9,13.5,0.514,0.496,5.9,7.2,0.81,0.7,4.3,5,5.9,1.3,0.8,2.8,2.5,24.5,6602.8,6.0611368979444205,0.7941176470588236,FALSE,0.6613924050632911,23,,56,56,1942,25,11,14,3.5,3,1.1,2.4,44.3,0.2,0.8,21.1,0.7,1,72,0.1,0.6,0.7,0.6,0.3,0.1,0.1,0.4,5,2,0,-0.2
Shai Gilgeous-Alexander,2022-23,Regular Season,OKC,27.2,0.626,0.122,0.535,2.6,12.2,7.3,25.7,2.2,2.5,10.1,32.8,8.4,3,11.4,0.226,5.7,1.5,7.3,5.6,10.4,20.3,0.51,0.9,2.5,0.345,9.5,17.8,0.533,0.531,9.8,10.9,0.905,0.9,4,4.8,5.5,1.6,1,2.8,2.8,31.4,17636.8,6.0611368979444205,1.661764705882353,FALSE,0.860759494,24,,68,68,2416,38,14,24,4,3.4,0.9,2.4,38.7,0.1,0.5,25,1.3,1.5,91.1,0.1,0.6,0.7,0.5,0.3,0.1,0.1,0.6,5.2,3,0,-0.7
Shai Gilgeous-Alexander,2023-24,Playoffs,OKC,25.5,0.582,0.165,0.362,2.3,17.1,10,29.6,1.7,4,7.8,32.2,1.1,0.9,1.9,0.233,5.9,3.3,9.2,1.1,11.1,22.4,0.496,1.6,3.7,0.432,9.5,18.7,0.508,0.531,6.4,8.1,0.79,0.8,6.4,7.2,6.4,1.3,1.7,2.2,3.1,30.2,3670.7999999999997,6.896592244418331,1.2720588235294117,FALSE,1,25,,10,10,399,5,3,2,4.2,4.2,1.4,3,46.7,0.2,0.6,33.3,1.2,1.2,100,0.2,0.8,1,1,1,0.2,0.4,1.2,7.7,2,0,0.4
Shai Gilgeous-Alexander,2023-24,Regular Season,OKC,29.3,0.636,0.181,0.436,3,14.7,9.1,29.8,2.8,2.4,8.4,32.8,10.5,4.2,14.6,0.275,6.7,2.3,9,7.1,10.6,19.8,0.535,1.3,3.6,0.353,9.3,16.2,0.576,0.567,7.6,8.7,0.874,0.9,4.7,5.5,6.2,2,0.9,2.2,2.5,30.1,22977,6.0611368979444205,2.1764705882352944,FALSE,0.9272151898734177,25,,75,75,2553,34,23,11,3.2,3.3,1.1,1.8,58.1,0.1,0.4,35.7,1,1.1,89.7,0.1,0.4,0.6,0.6,0.2,0.2,0.1,0.1,5.5,5,0,2
Shai Gilgeous-Alexander,2024-25,Playoffs,OKC,25.3,0.574,0.224,0.431,2.9,12.9,7.9,30.6,2.2,2.4,9.1,32.9,2.6,1.4,3.9,0.222,5.7,2.6,8.3,2.2,10.1,21.9,0.462,1.4,4.9,0.283,8.7,17,0.514,0.494,8.3,9.4,0.876,1,4.3,5.3,6.5,1.7,0.9,2.6,2.8,29.9,7063.3,6.896592244418331,1.2941176470588236,TRUE,0.9921568627450981,26,,23,23,851,10,6,4,3.5,4.6,1.4,2.8,50,0.2,0.7,28.6,1.6,1.7,94.1,0.1,0.3,0.4,0.5,0.4,0,0.1,0,5.7,3,0,1.7
Shai Gilgeous-Alexander,2024-25,Regular Season,OKC,30.7,0.637,0.263,0.404,2.8,12.6,7.8,31.3,2.4,3,8.6,34.8,11.9,4.8,16.7,0.309,8.9,2.6,11.5,8.9,11.3,21.8,0.519,2.1,5.7,0.375,9.2,16.1,0.571,0.569,7.9,8.8,0.898,0.9,4.1,5,6.4,1.7,1,2.4,2.2,32.7,29877,6.0611368979444205,2.5955882352941178,TRUE,0.9715189873417721,26,,76,76,2598,22,15,7,2.8,3,0.8,1.7,47.4,0.3,0.6,53.8,1.1,1.3,82.8,0.1,0.3,0.4,0.3,0.1,0.1,0.1,0.2,4.6,1,0,1.5
Shai Gilgeous-Alexander,2025-26,Regular Season,OKC,31.6,0.664,0.252,0.464,1.5,12.8,7.4,33.2,2,2.3,7.5,33.6,6.7,2.5,9.2,0.339,9.3,2.8,12,4.6,10.9,19.9,0.545,2,5,0.393,8.9,14.9,0.596,0.594,8.2,9.3,0.886,0.4,4.1,4.5,6.4,1.4,0.8,1.9,2.1,31.9,15576,6.0611368979444205,2.4411764705882355,FALSE,1,27,,39,39,1298,15,11,4,5.2,7.9,2.3,4.7,49.3,0.5,1.7,26.9,2.8,3.3,85.7,0.1,0.7,0.8,0.9,0.1,0.2,0.1,0.7,11.1,0,0,5.1
Victor Wembanyama,2023-24,Regular Season,SAS,23.1,0.565,0.332,0.309,8.2,30.7,19.4,21.5,2,10,16.2,32.2,-0.7,4.4,3.7,0.085,1.9,3.3,5.2,3.8,7.8,16.7,0.465,1.8,5.5,0.325,6,11.2,0.534,0.519,4.1,5.2,0.796,2.3,8.4,10.6,3.9,1.2,3.6,3.7,2.2,21.4,10951.2,6.304993160054719,0.8602941176470589,FALSE,0.8400000000000001,20,,71,71,2106,35,12,23,3.6,2.4,0.7,1.9,38.5,0.1,0.8,18.5,0.8,1.1,76.3,0.3,0.9,1.3,0.3,0.4,0.1,0.5,0.3,5.8,24,0,-1.7
Victor Wembanyama,2024-25,Regular Season,SAS,24.2,0.594,0.47,0.221,5.7,29.8,17.7,18.3,1.6,10.4,13.7,30.4,1,2.8,3.8,0.118,3.6,2.9,6.5,3.3,8.9,18.6,0.476,3.1,8.8,0.352,5.8,9.9,0.586,0.559,3.4,4.1,0.836,1.8,9.2,11,3.7,1.1,3.8,3.2,2.3,24.3,9925.5,6.304993160054719,0.9558823529411764,FALSE,0.88,21,,46,46,1527,22,10,12,4,2.5,0.8,2.1,37,0.2,1,23.8,0.7,0.9,84.2,0.2,0.9,1.1,0.3,0.3,0.2,0.2,0.3,5.3,14,1,-0.9
Victor Wembanyama,2025-26,Regular Season,SAS,27.5,0.619,0.254,0.415,7,33.5,20.3,18,1.5,8.5,13.1,32.3,1.4,1.8,3.2,0.207,5.1,3.9,9,2.1,8.4,16.4,0.514,1.5,4.2,0.352,7,12.2,0.569,0.559,5.7,6.8,0.836,1.9,9.1,11,3,0.9,2.7,2.9,2.8,24,6777,6.304993160054719,1.4926470588235294,TRUE,1,22,,26,17,753,14,8,6,2.9,3.3,1,2.1,46.7,0.3,0.6,44.4,1,1.5,66.7,0.1,0.6,0.7,0.2,0.3,0,0.1,0.3,4.6,7,1,2
